,Anio,FBKF.Construcciones.Priv_Publ,FBKF.Equi_Dur_Prod.Mat_Transp.Nac,FBKF.Equi_Dur_Prod.Mat_Transp.Import,FBKF.Equi_Dur_Prod.Maqui_YEqui.Nac,FBKF.Equi_Dur_Prod.Maqui_YEqui.Import,Consumo.Hogares,Consumo.Gobierno,Exportaciones,Importaciones,GIB,FKBF,EXPO_TOT_2004,EXPO_AGROP_2004,EXPO_PAMP_2004,EXPO_PECUAR_2004,EXPO_CARNES_2004,EXPO_LECHE_2004,EXPO_LANAS_2004,EXPO_CUEROS_PP_2004,EXPO_AGRIC_2004,EXPO_CEREAL_2004,EXPO_OLEAGI_2004,EXPO_OTAGRIC_2004,EXPO_PESCA_2004,EXPO_INDUST_2004,EXPO_ALIMENT_2004,EXPO_TEXTIL_2004,EXPO_CUEROIND_2004,EXPO_PAPEL_2004,EXPO_CAUCHO_2004,EXPO_QUIMICO_2004,EXPO_COMBIUST_2004,EXPO_HIERRO_2004,EXPO_METNOFERR_2004,EXPO_MAQUIN_2004,EXPO_RESTOIND_2004,Consumo.Hogares.ipi.demanda,Consumo.Gobierno.ipi.demanda,FBKF.Construcciones.Priv_Publ.ipi.demanda,FBKF.Equi_Dur_Prod.Mat_Transp.Nac.ipi.demanda,FBKF.Equi_Dur_Prod.Mat_Transp.Import.ipi.demanda,FBKF.Equi_Dur_Prod.Maqui_YEqui.Nac.ipi.demanda,FBKF.Equi_Dur_Prod.Maqui_YEqui.Import.ipi.demanda,Exportaciones.ipi.demanda,Importaciones.ipi.demanda,GIB.ipi.demanda,FBKF.Construcciones.Priv_Publ.ipi.inversion,FBKF.Equi_Dur_Prod.Mat_Transp.Nac.ipi.inversion,FBKF.Equi_Dur_Prod.Mat_Transp.Import.ipi.inversion,FBKF.Equi_Dur_Prod.Maqui_YEqui.Nac.ipi.inversion,FBKF.Equi_Dur_Prod.Maqui_YEqui.Import.ipi.inversion,FKBF.ipi.inversion,Agricultura_caza_silvicultura_y_pesca,Explotacion_de_minas_y_canteras,Industria_manufacturera,Electricidad_gas_y_agua,Construccion,Comercio_hoteles_y_restaurantes,Transp_Almac_y_Comunics,Inter_Fin_Seg_Activ_Inmo_Serv_Empr_etc,Servs_Socs_Comunales_Y_Personales,Impuesto_Prod_Netos_De_Subsid,PBI_a_precios_de_mercado,Agricultura_caza_silvicultura_y_pesca.oferta,Explotacion_de_minas_y_canteras.oferta,Industria_manufacturera.oferta,Electricidad_gas_y_agua.oferta,Construccion.oferta,Comercio_hoteles_y_restaurantes.oferta,Transp_Almac_y_Comunics.oferta,Inter_Fin_Seg_Activ_Inmo_Serv_Empr_etc.oferta,Servs_Socs_Comunales_Y_Personales.oferta,Impuesto_Prod_Netos_De_Subsid.oferta,PBI_a_precios_de_mercado.oferta,Vol_PIB_perCap,Vol_Consumo_Hogares_Per_Cap,Vol_FBKF_perCap,PIB_perCap__variPorc,Vol_Cons_Hogares_per_Cap__vari_Porc,Vol_FBKF_perCap__variPorc,Vol_PIB_encaden_Fisher_2004,IPI_volumen,IPI__variPorc
1,1950,20353627362,668586865.2,584400198.1,3119383475,863112352.4,1.04656E+11,21706316451,10729585056,14039465296,1.42098E+11,21846204463,4153783.627,3707073.434,3448244.055,1655596.73,525381.0008,50113.29261,228419.4312,687335.9469,2126566.553,1090373.376,951807.197,NA,NA,442902.1086,NA,NA,NA,NA,NA,NA,NA,NA,NA,NA,NA,4.49E-14,3.14E-14,4.69E-14,7.66E-14,2.87E-14,5.77E-14,1.40E-13,5.97E-14,4.08E-14,4.76E-14,4.69E-14,7.66E-14,2.87E-14,5.77E-14,1.40E-13,6.06E-14,6.54E-14,4.06E-14,5.39E-14,3.33E-13,6.57E-14,4.79E-14,7.17E-14,2.38E-14,4.79E-14,2.56E-14,4.76E-14,13696637358,1452011417,32304751942,198218385.1,5918090281,25281650565,7262970408,19550757718,21743658464,14697709118,1.42098E+11,8230.718755,6061.927168,1265.389774,NA,NA,NA,1.42098E+11,0.292916987,NA
2,1951,21739314091,842740199.7,2532757698,3562534310,1292775007,1.10538E+11,21767097618,8455493993,15744444593,1.47436E+11,25430729351,3948117.598,3365001.547,2727632.024,1244421.72,528718.0992,35742.4277,84971.12219,376887.0529,2385491.3,837814.1764,1029472.962,300774.3022,NA,574863.865,NA,NA,NA,NA,NA,NA,NA,NA,NA,NA,NA,6.41E-14,4.08E-14,5.80E-14,1.07E-13,3.40E-14,7.72E-14,1.56E-13,9.70E-14,6.40E-14,6.58E-14,5.80E-14,1.07E-13,3.40E-14,7.72E-14,1.56E-13,7.52E-14,9.73E-14,3.73E-14,7.19E-14,3.57E-13,8.23E-14,6.93E-14,9.42E-14,3.04E-14,6.26E-14,4.65E-14,6.58E-14,14629457210,1686941522,33149279696,212725994.5,6060937395,26260862055,7534071597,19902737804,22368440435,15394949124,1.47436E+11,8360.967138,6268.494407,1442.153759,0.015824667,0.034076166,0.139691334,1.47436E+11,0.303919726,0.037562652
3,1952,19685428171,1119084065,1484421674,3440750327,1088415946,1.05108E+11,21455589059,6224082425,11637586183,1.40491E+11,23271422029,2447650.645,2141092.467,1922780.844,1233008.191,437429.7875,22083.59824,169482.5044,458109.9991,740707.1431,240210.125,131971.5183,124668.803,NA,303047.9543,NA,NA,NA,NA,NA,NA,NA,NA,NA,NA,NA,7.90E-14,5.23E-14,7.26E-14,1.37E-13,3.45E-14,9.07E-14,1.63E-13,9.96E-14,8.16E-14,7.99E-14,7.26E-14,1.37E-13,3.45E-14,9.07E-14,1.63E-13,9.13E-14,1.23E-13,4.79E-14,8.85E-14,4.13E-13,1.02E-13,8.08E-14,1.28E-13,3.54E-14,8.07E-14,4.28E-14,7.99E-14,12545616104,1794762161,32522906863,227896262.1,5571363747,24417324287,7017131008,20598804008,22577377299,14648699492,1.40491E+11,7806.866125,5840.680245,1293.154332,-0.066272359,-0.068248312,-0.103317296,1.40491E+11,0.289603908,-0.047103945
4,1953,20237375978,1207890913,1459988875,3621895632,886926719.5,1.06403E+11,20742065172,9619869463,9626750804,1.47324E+11,23683145000,3387116.343,3129112.876,3022660.709,1480721.1,574908.2296,93375.21889,239993.1117,447293.3505,1648391.776,1118368.394,423571.215,106452.1667,NA,258003.4679,NA,NA,NA,NA,NA,NA,NA,NA,NA,NA,NA,8.65E-14,6.05E-14,7.56E-14,1.47E-13,4.15E-14,9.82E-14,1.48E-13,8.91E-14,6.38E-14,8.79E-14,7.56E-14,1.47E-13,4.15E-14,9.82E-14,1.48E-13,9.52E-14,1.43E-13,4.57E-14,9.94E-14,4.37E-13,1.05E-13,8.02E-14,1.40E-13,3.96E-14,9.03E-14,5.19E-14,8.79E-14,16402296333,1925706862,32341045582,242404260.9,5546340195,24009746257,7210541490,20716225895,23072219963,15257871308,1.47324E+11,8027.665603,5797.868309,1290.488829,0.028282729,-0.007329957,-0.002061241,1.47324E+11,0.303689321,0.04863682
5,1954,19372130307,1173451578,805900196.4,4121320340,783079946.5,1.14392E+11,21238933697,10201623290,12506287869,1.53316E+11,23014992961,3838068.667,3655832.999,3589295.788,1352010.736,561789.241,91795.66243,151673.0729,422035.6698,2303822.263,1805942.104,431342.9478,66537.21078,NA,182235.6686,NA,NA,NA,NA,NA,NA,NA,NA,NA,NA,NA,9.11E-14,6.94E-14,8.57E-14,1.55E-13,4.04E-14,1.02E-13,1.36E-13,8.11E-14,6.18E-14,9.36E-14,8.57E-14,1.55E-13,4.04E-14,1.02E-13,1.36E-13,1.04E-13,1.47E-13,5.89E-14,1.06E-13,5.00E-13,1.22E-13,8.45E-14,1.48E-13,4.44E-14,1.01E-13,4.55E-14,9.36E-14,16308747029,2037374129,34903529762,263839496.4,5308705373,25492912808,7558082163,21278479393,23797814592,16078311792,1.53316E+11,8196.878491,6115.886428,1230.475866,0.021078717,0.05485087,-0.046504054,1.53316E+11,0.3160395,0.040667149
6,1955,19934884939,1511471158,872767937.1,5242797875,1182263384,1.23934E+11,22773188849,9102923830,14895127792,1.63902E+11,25600379985,3453040.644,3256537.494,3183777.001,1698367.43,798407.0681,97037.36486,172237.5806,488026.3959,1558170.064,1297031.83,188377.7408,72760.49291,NA,196503.1497,NA,NA,NA,NA,NA,NA,NA,NA,NA,NA,NA,1.00E-13,7.80E-14,9.51E-14,1.87E-13,5.30E-14,1.10E-13,1.33E-13,1.04E-13,7.67E-14,1.03E-13,9.51E-14,1.87E-13,5.30E-14,1.10E-13,1.33E-13,1.16E-13,1.55E-13,6.14E-14,1.22E-13,5.78E-13,1.33E-13,9.41E-14,1.55E-13,5.02E-14,1.13E-13,4.81E-14,1.03E-13,16981291187,2118299446,39174291721,283961747.2,5442816307,28002631304,7948570705,22171732366,24231723108,17160086373,1.63902E+11,8602.104571,6504.466855,1343.590034,0.049436634,0.06353624,0.091927173,1.63902E+11,0.337862101,0.069050232
7,1956,20298654544,1457046384,1640862771,6334293972,1129545866,1.21964E+11,24559294215,10464721876,13350223127,1.6861E+11,27240381714,3963145.064,3751420.456,3683953.643,2260902.019,1168834.674,97284.34428,174683.2973,608269.6664,1490518.437,1182313.05,240738.5733,67466.81311,NA,211724.6079,NA,NA,NA,NA,NA,NA,NA,NA,NA,NA,NA,1.34E-13,8.84E-14,1.19E-13,2.11E-13,1.15E-13,1.29E-13,1.92E-13,2.25E-13,1.94E-13,1.32E-13,1.19E-13,2.11E-13,1.15E-13,1.29E-13,1.92E-13,1.45E-13,2.06E-13,8.01E-14,1.46E-13,6.77E-13,1.76E-13,1.26E-13,2.15E-13,5.73E-14,1.30E-13,8.13E-14,1.32E-13,16205390550,2172199353,41889147826,308694904.8,5280181747,29253637226,7980867765,22707078679,25318092191,17621653893,1.6861E+11,8691.383479,6286.895502,1404.165768,0.010378729,-0.033449529,0.045084983,1.6861E+11,0.347567246,0.028725167
8,1957,22249994812,1831509817,2890109441,7165113665,772526458.5,1.29059E+11,23461466820,11016361378,14846905767,1.77373E+11,30376962494,4313592.949,4057748.139,3949550.77,2340672.761,1278723.118,100740.3968,139317.701,624485.5831,1717075.378,1189490.237,419387.7711,108197.3696,NA,255844.8102,NA,NA,NA,NA,NA,NA,NA,NA,NA,NA,NA,1.65E-13,1.00E-13,1.30E-13,2.67E-13,1.92E-13,1.51E-13,5.60E-13,2.45E-13,2.29E-13,1.61E-13,1.30E-13,2.67E-13,1.92E-13,1.51E-13,5.60E-13,1.80E-13,2.65E-13,9.69E-14,1.74E-13,6.58E-13,1.91E-13,1.56E-13,2.78E-13,6.98E-14,1.52E-13,1.06E-13,1.61E-13,16126014586,2322398314,45196996167,320906318.7,6198620591,31172663151,8414522296,22917370001,25874094797,18789989127,1.77373E+11,8985.013085,6537.611952,1538.777389,0.033783989,0.039879214,0.095865904,1.77373E+11,0.365630474,0.051970456
9,1958,25655101237,1943224825,960578873.1,7963324675,1135540214,1.37386E+11,23448678721,11366172433,15510012214,1.88127E+11,32783431583,4555893.276,4361338.205,4298964.73,2291713.005,1295979.484,83625.35526,172721.0463,583439.2559,2069625.2,1300971.661,706280.0646,62373.47509,NA,194555.0705,NA,NA,NA,NA,NA,NA,NA,NA,NA,NA,NA,2.13E-13,1.61E-13,1.77E-13,3.44E-13,2.48E-13,1.91E-13,7.24E-13,2.93E-13,2.59E-13,2.14E-13,1.77E-13,3.44E-13,2.48E-13,1.91E-13,7.24E-13,2.38E-13,3.53E-13,1.33E-13,2.43E-13,1.10E-12,2.63E-13,2.08E-13,3.34E-13,9.00E-14,2.27E-13,8.99E-14,2.14E-13,16828078553,2488008807,48973273893,347611691.4,7356449954,32897363421,8857671040,23612833178,26223145766,20115590127,1.88127E+11,9369.254099,6842.206711,1632.705611,0.042764658,0.046591135,0.061040813,1.88127E+11,0.387798983,0.060630912
10,1959,19600367624,2057574702,695786000,7209835726,643027118.2,1.29282E+11,24416625513,11930624970,13792091077,1.76089E+11,25880003000,4337298.451,4119132.502,4027539.188,2026167.149,988149.4993,120729.0427,226316.1247,583047.1026,2092965.353,1491583.271,509788.7678,91593.31371,NA,218165.9494,NA,NA,NA,NA,NA,NA,NA,NA,NA,NA,NA,4.45E-13,2.66E-13,3.24E-13,6.05E-13,5.20E-13,4.18E-13,2.15E-12,7.48E-13,6.16E-13,4.36E-13,3.24E-13,6.05E-13,5.20E-13,4.18E-13,2.15E-12,4.77E-13,8.29E-13,2.38E-13,5.01E-13,1.98E-12,4.97E-13,4.57E-13,6.43E-13,1.22E-13,4.03E-13,2.25E-13,4.36E-13,16657768096,2869424094,43914910176,354238329.1,5532553859,29240638738,8567049586,24180154071,26844688042,18564053568,1.76089E+11,8625.042204,6332.384041,1267.630697,-0.079431285,-0.074511439,-0.223601188,1.76089E+11,0.362984371,-0.063988336
11,1960,23590349980,5146434870,1373030719,8459576706,1889509013,1.31122E+11,27644297363,11950145961,16930030014,1.90021E+11,39437404279,4279335.648,4062788.329,3950743.816,1822242.364,836950.6887,137332.3168,218132.4516,499230.4788,2240545.964,1528719.991,599781.4599,112044.5129,NA,216547.3191,NA,NA,NA,NA,NA,NA,NA,NA,NA,NA,NA,5.52E-13,3.35E-13,3.70E-13,7.26E-13,4.92E-13,4.90E-13,1.85E-12,8.57E-13,6.74E-13,5.33E-13,3.70E-13,7.26E-13,4.92E-13,4.90E-13,1.85E-12,5.27E-13,9.07E-13,2.60E-13,5.96E-13,3.03E-12,5.60E-13,5.30E-13,8.04E-13,1.62E-13,5.07E-13,4.17E-13,5.33E-13,16934621253,3955488333,48331111944,378628131.1,6610045903,33010797987,9095528146,25450541037,27637280394,19810121879,1.90021E+11,9156.258133,6318.197556,1900.310927,0.061589951,-0.002240307,0.499104536,1.90021E+11,0.391702918,0.079117861
12,1961,24664951203,6597934038,1201389859,9554421631,2725139130,1.43111E+11,27912560348,11044925442,20136579798,2.03559E+11,45794669672,4006396.982,3716232.127,3612168.507,1923088.041,841439.7,108504.1821,220113.7687,584082.828,1793144.086,971252.8236,717827.6423,104063.6203,NA,290164.8552,NA,NA,NA,NA,NA,NA,NA,NA,NA,NA,NA,5.95E-13,4.28E-13,4.48E-13,7.69E-13,4.67E-13,5.24E-13,1.80E-12,8.49E-13,6.62E-13,5.89E-13,4.48E-13,7.69E-13,4.67E-13,5.24E-13,1.80E-12,5.81E-13,8.71E-13,3.07E-13,6.40E-13,3.64E-12,6.83E-13,5.51E-13,9.14E-13,2.01E-13,6.05E-13,5.40E-13,5.89E-13,16825127614,5173324005,53173481669,454478527.5,6994252805,36707468187,9697169872,26782233443,28601583130,20995228348,2.03559E+11,9651.954497,6785.742039,2171.399719,0.054137439,0.073999662,0.142654967,2.03559E+11,0.419609722,0.071244819
13,1962,22317304728,5728536739,2277023934,8037864945,2537411822,1.37845E+11,27517345319,15011204340,19430744419,2.00379E+11,41747512093,5606256.105,5093199.594,4960273.253,2314671.076,960203.0544,92943.41936,252672.6307,803070.1843,2778528.517,1795706.398,849895.7783,132926.3407,NA,513056.5116,NA,NA,NA,NA,NA,NA,NA,NA,NA,NA,NA,7.42E-13,5.76E-13,5.86E-13,9.38E-13,5.72E-13,6.56E-13,2.48E-12,1.04E-12,9.23E-13,7.34E-13,5.86E-13,9.38E-13,5.72E-13,6.56E-13,2.48E-12,7.50E-13,1.13E-12,4.20E-13,8.13E-13,4.50E-12,8.84E-13,6.73E-13,1.20E-12,2.73E-13,7.69E-13,5.29E-13,7.34E-13,17505828024,5822368075,50239087182,517459978.3,6417043916,35258265541,9339589955,26449756277,29461081256,21105945234,2.00379E+11,9352.442519,6433.744132,1948.510344,-0.031031226,-0.051873164,-0.102647786,2.00379E+11,0.413055161,-0.015620611
14,1963,20905934123,4454742542,1546496350,7557503501,1828187185,1.34978E+11,25718261865,15335478487,15149318886,1.9591E+11,35809148205,5666895.404,4893891.962,4722587.2,2739356.934,1441260.46,92437.29799,231493.6606,721216.0722,2154535.028,1300044.547,683185.7193,171304.762,NA,773003.4425,NA,NA,NA,NA,NA,NA,NA,NA,NA,NA,NA,9.56E-13,6.75E-13,7.35E-13,1.11E-12,6.47E-13,7.74E-13,2.78E-12,1.36E-12,1.11E-12,9.32E-13,7.35E-13,1.11E-12,6.47E-13,7.74E-13,2.78E-12,9.00E-13,1.56E-12,6.17E-13,1.01E-12,5.95E-12,1.09E-12,8.65E-13,1.68E-12,3.24E-13,8.81E-13,6.74E-13,9.32E-13,17845159992,5807876430,48199907359,551097275.1,6040131324,32429774070,9106538731,27734647056,30068471447,20285932836,1.9591E+11,9003.138805,6203.002769,1645.627216,-0.037348929,-0.035864243,-0.155443429,1.9591E+11,0.403842105,-0.022304662
15,1964,22342653204,6356063469,537263547.3,9555074946,1597988056,1.54777E+11,25328640371,14283883294,17506064502,2.15618E+11,39783859095,5578287.864,4903029.575,4805256.865,1988380.997,1043366.108,83231.6686,176342.508,537256.238,2914648.578,2245037.277,571838.5905,97772.71045,NA,675258.2887,NA,NA,NA,NA,NA,NA,NA,NA,NA,NA,NA,1.20E-12,9.15E-13,8.91E-13,1.25E-12,5.85E-13,9.66E-13,2.79E-12,1.52E-12,1.15E-12,1.17E-12,8.91E-13,1.25E-12,5.85E-13,9.66E-13,2.79E-12,1.05E-12,2.25E-12,7.58E-13,1.23E-12,6.46E-12,1.35E-12,1.10E-12,2.01E-12,4.27E-13,1.10E-12,7.54E-13,1.17E-12,19090094202,5911391169,57285237871,603211457.2,6297465232,35413050572,10088941877,28125984620,31141095765,22403254405,2.15618E+11,9758.552227,7004.985885,1800.562751,0.083905562,0.129289498,0.094149838,2.15618E+11,0.444466629,0.100595068
16,1965,23138012760,7331922570,497531642,10589205964,1303719394,1.69722E+11,25804114463,15701259034,17338052633,2.34881E+11,41766192736,5960510.712,5444776.12,5314619.927,1824955.105,921613.1637,71282.60583,205992.7805,487935.6091,3619821.015,2664440.584,825224.2371,130156.1934,NA,515734.5922,NA,NA,NA,NA,NA,NA,NA,NA,NA,NA,NA,1.48E-12,1.30E-12,1.27E-12,1.62E-12,6.21E-13,1.37E-12,3.70E-12,1.78E-12,1.37E-12,1.49E-12,1.27E-12,1.62E-12,6.21E-13,1.37E-12,3.70E-12,1.46E-12,2.55E-12,1.08E-12,1.58E-12,8.64E-12,1.89E-12,1.38E-12,2.49E-12,5.52E-13,1.47E-12,1.05E-12,1.49E-12,20221804594,6134571365,65189801954,695205340.3,6538491563,39052900543,11014047709,29343961548,32248929109,24538168727,2.34881E+11,10471.12148,7566.320384,1861.959367,0.073019976,0.080133566,0.034098571,2.34881E+11,0.484175722,0.089341
17,1966,24564918627,6552092383,762117985.5,10143170762,1801518448,1.66333E+11,27664959712,17313393019,16772620603,2.36854E+11,43012911467,6333634.225,5675922.707,5563724.31,2220807.382,1145566.341,62187.36377,239060.0066,575541.2284,3450986.575,2579153.985,763762.9424,108069.6482,4128.74942,657711.5172,12883.53829,1654.994312,6829.955277,67888.27841,2077.036887,97591.20006,311724.5197,44269.74411,806.4483641,75912.46076,36073.34104,1.81E-12,1.70E-12,1.63E-12,2.02E-12,6.80E-13,1.67E-12,3.85E-12,2.16E-12,1.68E-12,1.83E-12,1.63E-12,2.02E-12,6.80E-13,1.67E-12,3.85E-12,1.81E-12,2.85E-12,1.34E-12,1.84E-12,1.16E-11,2.48E-12,1.65E-12,3.48E-12,6.79E-13,1.88E-12,1.50E-12,1.83E-12,19466489953,6474193161,65622108260,749291946.1,6942386148,38841713642,11014726528,31382223840,33548384482,24253541842,2.36854E+11,10405.63658,7307.468193,1889.677445,-0.006253857,-0.034211106,0.014886511,2.36854E+11,0.488241776,0.008397889
18,1967,26684685396,6730998855,806204033.9,9530755677,2080169301,1.70657E+11,28238404177,17129208689,16839937831,2.43512E+11,45213187543,5835217.421,5254582.564,5111380.386,2410845.433,1198095.934,69107.8496,201213.9911,660760.9063,2839752.134,1906466.84,794068.1136,139217.1804,3984.998084,580634.8565,18538.07647,3279.867409,6921.544731,74308.0384,4467.941249,100669.0756,167739.9866,61943.90261,1986.348571,102067.2704,38712.80448,2.29E-12,2.10E-12,2.14E-12,2.46E-12,8.55E-13,2.08E-12,5.26E-12,3.26E-12,2.65E-12,2.32E-12,2.14E-12,2.46E-12,8.55E-13,2.08E-12,5.26E-12,2.32E-12,3.39E-12,1.52E-12,2.17E-12,1.61E-11,3.17E-12,2.11E-12,4.49E-12,8.91E-13,2.30E-12,2.52E-12,2.32E-12,20302375509,7256057950,66618965116,805355588.4,7835890283,39238100035,11126502116,33207676540,34487080719,24357787268,2.43512E+11,10547.63718,7391.949166,1958.393128,0.013646508,0.011560909,0.03636371,2.43512E+11,0.501967447,0.028112447
19,1968,31084638573,7231841367,598868366.3,10083806639,2505657856,1.76705E+11,29072018303,16901411984,17903374213,2.54626E+11,51189971454,4558947.983,3685459.824,3371157.677,2277316.059,1028137.987,47745.32562,241060.0321,725768.0449,1403969.219,847878.8767,245962.741,310127.6009,4174.546171,873488.1588,25807.21573,6520.450399,12276.02669,105886.3601,10769.83515,121251.588,256832.2344,131592.1653,5885.194916,143196.8034,53470.28479,2.53E-12,2.25E-12,2.35E-12,2.57E-12,8.27E-13,2.22E-12,5.41E-12,3.54E-12,2.98E-12,2.54E-12,2.35E-12,2.57E-12,8.27E-13,2.22E-12,5.41E-12,2.50E-12,3.75E-12,1.61E-12,2.25E-12,1.81E-11,3.40E-12,2.22E-12,5.17E-12,1.19E-12,2.47E-12,2.93E-12,2.54E-12,19201057147,8152693318,70951491816,870331100,9254809575,41319651899,11720069994,34399716480,35415946285,25600637648,2.54626E+11,10874.31064,7546.516661,2186.167156,0.030971245,0.020910249,0.11630659,2.54626E+11,0.524878011,0.045641533
20,1969,37601577946,8381480302,473925797,11288728676,3343866064,1.88602E+11,29874262653,19617720540,22107197368,2.75865E+11,61317068782,5175646.334,4350920.164,4054621.017,2755310.97,1442774.462,58833.60433,182534.3249,789340.728,1592394.96,1080429.126,218880.921,293084.9129,3214.234545,824726.1695,27209.73863,7009.262488,17796.63555,135684.7446,24872.42389,150879.307,88739.43322,111081.1134,6804.838259,210312.4711,44336.20136,2.75E-12,2.57E-12,2.55E-12,2.57E-12,7.17E-13,2.39E-12,5.28E-12,3.56E-12,3.16E-12,2.74E-12,2.55E-12,2.57E-12,7.17E-13,2.39E-12,5.28E-12,2.65E-12,4.21E-12,1.86E-12,2.34E-12,1.77E-11,3.72E-12,2.38E-12,5.67E-12,1.47E-12,2.70E-12,3.01E-12,2.74E-12,20253746905,8954332985,78639241363,948176744.7,11023835772,45603196446,12533441317,35642701920,36323133704,27967807835,2.75865E+11,11611.85821,7938.749325,2580.994534,0.067824766,0.051975326,0.180602557,2.75865E+11,0.568657992,0.083409821
21,1970,40018129007,8377407294,473695491.2,11998406323,3554081676,1.97392E+11,30098228199,21018528489,22018566269,2.90045E+11,64720869663,4184635.097,3341704.722,2996037.069,1441522.791,1242994.34,30082.70762,168445.743,803060.2726,1888866.218,1260219.641,294294.638,334351.9395,11315.71317,842930.3753,32598.3571,16289.54462,42923.11714,102325.1002,21749.04682,134120.0773,96569.37726,113306.7521,8194.500742,236319.2469,38535.25513,3.04E-12,3.02E-12,2.90E-12,2.56E-12,8.02E-13,2.28E-12,5.86E-12,3.85E-12,3.59E-12,3.03E-12,2.90E-12,2.56E-12,8.02E-13,2.28E-12,5.86E-12,2.88E-12,4.82E-12,1.86E-12,2.51E-12,1.72E-11,4.17E-12,2.49E-12,6.83E-12,1.88E-12,3.03E-12,3.12E-12,3.03E-12,21390526601,9563710581,83612000463,1054760116,12059038402,47481488744,13159224240,34206582739,37434072060,30399751020,2.90045E+11,12024.22664,8183.192702,2683.098082,0.035512699,0.03079117,0.039559769,2.90045E+11,0.597888323,0.051402303
22,1971,42884787856,8954558164,1207966663,13371582975,3670000377,2.07207E+11,31484583131,18920332144,24033376170,3.00941E+11,69680478854,4322811.982,3394203.422,3082926.562,1621378.16,828351.8691,54747.80945,162433.1904,484022.5567,1758401.134,1170262.33,291286.072,296852.7316,14424.12763,928608.5603,48219.86224,7317.045236,17137.52069,99350.57668,13193.28412,128681.8613,115212.2053,137527.1016,4870.732636,277896.8822,79201.48831,4.35E-12,4.12E-12,4.02E-12,3.27E-12,1.18E-12,2.95E-12,6.75E-12,5.45E-12,4.53E-12,4.29E-12,4.02E-12,3.27E-12,1.18E-12,2.95E-12,6.75E-12,3.84E-12,7.63E-12,2.35E-12,3.71E-12,2.18E-11,5.95E-12,3.58E-12,9.36E-12,2.78E-12,4.29E-12,3.53E-12,4.29E-12,21745342726,10311906715,88749714486,1153267414,12819867106,48811902383,13342493238,33983306587,38497213745,32040734855,3.00941E+11,12275.12865,8451.794468,2842.210959,0.020866374,0.03282359,0.059301923,3.00941E+11,0.620348864,0.03756645
23,1972,42066228405,10023738346,1700286814,14131148342,3413207890,2.10526E+11,30966766576,19216932275,22206316065,3.06621E+11,70031951088,4298510.736,3289516.908,2954887.329,2033833.421,1221781.301,99317.82911,166737.6254,467528.8172,1232810.256,763813.0748,157240.8324,311756.3486,22873.23049,1008993.829,52830.60687,9438.892767,25828.74024,114106.968,16712.47147,148240.1617,72426.67927,143596.3993,5783.058515,373268.9265,46760.92387,7.37E-12,6.31E-12,6.57E-12,5.30E-12,2.92E-12,5.32E-12,1.32E-11,1.05E-11,8.63E-12,7.21E-12,6.57E-12,5.30E-12,2.92E-12,5.32E-12,1.32E-11,6.49E-12,1.30E-11,3.53E-12,6.54E-12,3.37E-11,9.75E-12,6.61E-12,1.49E-11,4.70E-12,6.75E-12,5.20E-12,7.21E-12,22107483614,10613158195,92306030249,1266864747,12697190217,48919908162,13334325724,33085951824,39409909769,33295086264,3.06621E+11,12297.00583,8443.151827,2808.627714,0.001782237,-0.001022581,-0.011815888,3.06621E+11,0.632057444,0.018874185
24,1973,37459237260,10454662924,1095693228,15688577668,2528147892,2.19217E+11,32734330257,21468460919,20548784644,3.1769E+11,65107796307,5016985.215,3408794.656,3033972.046,1585888.122,989475.0119,87898.54913,158413.8042,292125.3734,1767175.099,1209749.328,238334.595,319091.1762,55731.43421,1608190.56,77701.29939,15627.52645,91642.16348,163861.2663,26719.03016,167672.3274,54681.08743,252798.6602,15702.45993,669384.5009,72400.23785,1.22E-11,1.26E-11,1.13E-11,8.79E-12,4.22E-12,9.37E-12,1.76E-11,1.66E-11,1.28E-11,1.22E-11,1.13E-11,8.79E-12,4.22E-12,9.37E-12,1.76E-11,1.09E-11,2.09E-11,6.51E-12,1.06E-11,6.24E-11,1.73E-11,1.00E-11,2.23E-11,1.04E-11,1.35E-11,8.26E-12,1.22E-11,24447762936,10311666620,95968648894,1362399031,11209469271,49539026267,14076167474,34025796916,40947094356,35002629322,3.1769E+11,12524.41982,8642.281104,2566.770398,0.018493444,0.023584709,-0.086112273,3.1769E+11,0.654875455,0.036101166
25,1974,40315652250,9309737595,1043504216,17235599450,2514785682,2.3669E+11,35059203488,21532108978,23644769349,3.37298E+11,68447140526,4823621.967,2999981.004,2444161.038,935528.0728,516346.61,53263.43017,92075.27066,231389.4759,1984893.914,1310043.443,198589.5221,476260.9483,79559.01791,1823640.962,137683.4761,7564.555161,113106.1391,169299.364,25821.38454,156176.4928,50730.17047,187779.3605,16720.89256,868564.7753,90194.35165,1.57E-11,1.87E-11,1.66E-11,1.24E-11,5.47E-12,1.25E-11,2.13E-11,2.08E-11,1.70E-11,1.63E-11,1.66E-11,1.24E-11,5.47E-12,1.25E-11,2.13E-11,1.55E-11,2.42E-11,8.96E-12,1.44E-11,7.98E-11,2.48E-11,1.14E-11,3.11E-11,1.21E-11,2.04E-11,1.32E-11,1.63E-11,25319292916,10559272875,1.01611E+11,1443421386,12097386399,53425814624,14942165998,38627069503,42905367975,36155871379,3.37298E+11,13074.25661,9174.519175,2653.131491,0.043901178,0.061585369,0.033645819,3.37298E+11,0.695294288,0.061719879
26,1975,42070708630,8203471321,1318906534,15616236250,2669755180,2.38241E+11,35203961347,19051219532,25177863256,3.34227E+11,68332563421,3936228.158,2550241,2049386.256,892572.2165,467205.412,80058.35429,154969.9132,170249.3226,1583809.897,1001026.102,155787.9374,426995.8583,73858.88581,1385987.158,70933.57436,2545.223682,42859.16408,79654.27137,5126.763744,141018.6352,63290.78812,53656.60034,6219.448116,882279.1889,38403.50047,4.46E-11,5.29E-11,6.82E-11,5.07E-11,1.21E-11,5.57E-11,5.58E-11,5.85E-11,4.51E-11,5.02E-11,6.82E-11,5.07E-11,1.21E-11,5.57E-11,5.58E-11,6.32E-11,5.41E-11,1.92E-11,5.54E-11,2.29E-10,9.58E-11,4.25E-11,8.79E-11,3.66E-11,5.93E-11,2.00E-11,5.02E-11,24349486188,10397849817,98999495616,1530774674,12650794156,53782378858,14456935439,34666547192,44619946243,37689035313,3.34227E+11,12745.7682,9085.335584,2605.863912,-0.025124825,-0.009720792,-0.01781577,3.34227E+11,0.688964936,-0.009103127
27,1976,45978921336,7573754600,1175037301,18025984818,2348654673,2.10327E+11,37175426921,24740134962,18473488088,3.31151E+11,73699614473,5751513.907,3986213.103,3279040.462,1745664.714,969475.6136,195320.3991,186459.3035,325523.2196,2106134.345,1255792.411,277583.3369,572758.5973,134414.0438,1765300.804,129009.4022,12002.49709,103426.9701,91312.15163,4947.441898,187409.8522,107808.9506,184035.7507,9205.072137,849573.4574,86569.25797,2.59E-10,1.98E-10,3.35E-10,3.05E-10,8.41E-11,3.24E-10,4.28E-10,3.74E-10,3.19E-10,2.71E-10,3.35E-10,3.05E-10,8.41E-11,3.24E-10,4.28E-10,3.34E-10,2.79E-10,1.09E-10,3.04E-10,1.41E-09,4.44E-10,2.65E-10,4.86E-10,1.84E-10,2.39E-10,1.77E-10,2.71E-10,25465862828,10650291689,95983387121,1587204451,14238749822,51000580498,14310940413,33254139965,44635529268,37088079371,3.31151E+11,12433.29928,7896.854456,2767.102249,-0.024515503,-0.130813124,0.061875195,3.31151E+11,0.682623945,-0.009203648
28,1977,50711382336,9394809138,5632726874,22126688980,4056018982,2.13773E+11,39124937559,31322522401,23798251906,3.54906E+11,87976612662,7911668.35,5598341.716,4574438.343,1930828.659,1106191.149,121418.1018,260794.4657,343729.9992,3450263.717,2015847.526,627762.1578,806654.0335,217249.3395,2313326.634,168347.6034,32672.20955,213135.7858,296804.662,11761.94125,233060.203,122696.7889,160297.8214,17553.3182,917039.0809,139957.2198,7.37E-10,4.98E-10,7.96E-10,7.15E-10,3.74E-10,7.92E-10,1.19E-09,8.52E-10,8.40E-10,7.20E-10,7.96E-10,7.15E-10,3.74E-10,7.92E-10,1.19E-09,8.13E-10,7.86E-10,1.44E-10,8.08E-10,3.28E-09,1.08E-09,6.98E-10,1.03E-09,7.05E-10,6.31E-10,4.41E-10,7.20E-10,26146241331,11561278841,1.03503E+11,1660732719,16161735660,54738974816,15169832005,38544669431,45787989257,37896785476,3.54906E+11,13124.87233,7905.581822,3253.486268,0.055622649,0.00110517,0.175773779,3.54906E+11,0.731591192,0.071733855
29,1978,50149271893,8071377896,3643886898,15776079480,3603533154,2.02976E+11,41032339015,33944802747,21613780152,3.39813E+11,78658297681,8825240.838,6278163.918,5005553.296,2502354.747,1430147.868,92345.88415,349572.7401,440422.3421,3458896.036,1527449.082,975749.4658,955697.4875,316913.1347,2547076.92,187616.4162,54389.43049,249548.9265,142230.9499,19438.63139,286108.027,191758.8398,373889.7329,34035.82423,880688.8825,127371.2594,1.98E-09,1.49E-09,2.16E-09,2.05E-09,1.29E-09,1.88E-09,2.78E-09,1.77E-09,1.82E-09,1.92E-09,2.16E-09,2.05E-09,1.29E-09,1.88E-09,2.78E-09,2.15E-09,1.77E-09,5.40E-10,2.19E-09,7.92E-09,2.96E-09,1.82E-09,2.61E-09,1.65E-09,1.97E-09,1.30E-09,1.92E-09,26505216493,11781752104,92631458354,1716178965,16071149432,50604743261,14634492412,41890311013,45538006658,35661607056,3.39813E+11,12380.60054,7395.134782,2865.805844,-0.056706974,-0.064567928,-0.119158463,3.39813E+11,0.700478182,-0.042527863
30,1979,50969743921,9553874397,6174507603,15963385713,4089154511,2.32212E+11,42254052212,32759330019,32284260407,3.65881E+11,82930421253,8284130.201,6182234.648,5127980.895,2147306.263,1271438.425,38767.50735,247506.3013,474030.6657,3671196.821,1778402.317,1202272.314,690522.1894,363731.5634,2101895.553,177029.2154,34440.77103,168719.8458,124066.8773,10599.02713,218476.668,125801.607,241450.8473,62144.13571,820923.231,118243.3274,5.15E-09,3.81E-09,5.54E-09,5.05E-09,2.39E-09,4.86E-09,5.13E-09,3.73E-09,3.61E-09,4.94E-09,5.54E-09,5.05E-09,2.39E-09,4.86E-09,5.13E-09,5.35E-09,4.83E-09,1.41E-09,5.25E-09,1.31E-08,7.96E-09,4.86E-09,6.09E-09,4.47E-09,5.38E-09,3.64E-09,4.94E-09,27587934623,12531079281,1.02117E+11,1900823154,16504865944,55827193472,15909303467,45223382020,47201963928,38033732292,3.65881E+11,13133.46669,8335.354993,2976.822751,0.060810148,0.127140375,0.03873846,3.65881E+11,0.754215398,0.076715046
31,1980,56584697303,9725484193,4018370191,14547205065,5797136195,2.38469E+11,44243296380,31645838840,44046946092,3.71699E+11,88522954840,7301979.809,5004315.327,4099114.512,1632365.102,854742.8507,35878.11047,262897.2157,437386.5341,3127348.135,1275349.112,1191400.298,660598.7245,244602.0904,2297664.482,149228.0129,36190.06789,137001.2349,118063.5848,9499.692681,273959.4965,399581.7811,143353.7668,126009.1466,797655.0777,107122.6197,1.04E-08,9.07E-09,1.15E-08,1.03E-08,4.35E-09,8.31E-09,9.95E-09,6.03E-09,5.56E-09,1.01E-08,1.15E-08,1.03E-08,4.35E-09,8.31E-09,9.95E-09,1.07E-08,8.49E-09,3.48E-09,9.41E-09,2.47E-08,1.75E-08,9.24E-09,1.16E-08,9.07E-09,1.36E-08,9.88E-09,1.01E-08,25788416645,13009710146,98285558638,2048411917,17565632931,58967033249,16014741943,51009523585,48057783370,37584466284,3.71699E+11,13143.36263,8432.325964,3130.191476,0.00075349,0.011633694,0.051520946,3.71699E+11,0.766207873,0.015900598
32,1981,49663643088,6144398841,3017770217,12827196409,5307987989,2.28883E+11,44064839080,33292873979,40418285976,3.50969E+11,75367374036,8309646.824,5772686.725,4934499.264,1801089.169,887786.0818,54309.30311,319838.5291,492311.0252,3727345.865,2135281.631,998128.4651,593935.7694,244251.6918,2536960.099,110476.9397,12854.92556,124478.6037,84485.26154,18328.74139,261753.1384,799692.9123,212786.8443,145561.0363,664342.3326,102199.3633,2.14E-08,1.70E-08,2.29E-08,2.28E-08,1.03E-08,1.93E-08,2.28E-08,1.52E-08,1.33E-08,2.08E-08,2.29E-08,2.28E-08,1.03E-08,1.93E-08,2.28E-08,2.23E-08,1.62E-08,8.27E-09,2.04E-08,5.60E-08,3.50E-08,1.94E-08,2.62E-08,1.82E-08,2.57E-08,2.02E-08,2.08E-08,26984441114,13361269729,86027852503,1901030825,15434725797,53720558961,14700308029,55539180369,48955567444,32584898300,3.50969E+11,12222.99882,7971.170484,2624.775045,-0.070024988,-0.054689001,-0.161465021,3.50969E+11,0.723476098,-0.055770473
33,1982,44527869811,4497646939,915073915.7,11313699043,2635908907,2.15665E+11,49395370536,34980972774,23458992462,3.41552E+11,62854183817,8349587.369,5594525.686,4609505.854,1732377.227,993916.1452,101542.2249,255329.6313,353937.4876,3445727.155,1716100.731,1161027.896,568598.5282,416421.3035,2755061.683,143564.9587,14152.9311,114144.6807,76088.58861,21041.43725,297614.4734,742106.7952,297684.6132,171703.6356,800085.27,76874.29934,6.68E-08,3.61E-08,6.61E-08,8.08E-08,4.71E-08,8.43E-08,9.46E-08,5.56E-08,5.90E-08,6.24E-08,6.61E-08,8.08E-08,4.71E-08,8.43E-08,9.46E-08,7.24E-08,6.53E-08,2.10E-08,6.68E-08,9.33E-08,1.01E-07,6.38E-08,6.47E-08,5.21E-08,5.88E-08,7.01E-08,6.24E-08,29563572338,12711134073,86720243275,2641190448,14133556505,50427359472,16229820686,55422822680,49687337427,22204212508,3.41552E+11,11714.75023,7396.999836,2155.807468,-0.041581333,-0.072030908,-0.178669627,3.41552E+11,0.704064383,-0.026831176
34,1983,44040061325,5820549188,731479558.9,12169312641,2052192607,2.27323E+11,48543985345,35930949267,21863236749,3.56711E+11,63757484431,8945548.683,6732292.599,5636243.887,1479480.566,765310.4408,99153.39228,262493.0887,326517.9908,4846172.701,2698570.754,1458192.567,689409.3803,406639.3314,2213256.084,191002.7607,11176.6432,62598.70432,72112.05903,25791.06897,355818.0589,594216.9297,316334.8446,110551.3757,420022.1376,53631.50124,3.15E-07,2.13E-07,3.39E-07,3.73E-07,2.91E-07,3.31E-07,5.54E-07,2.76E-07,2.85E-07,3.03E-07,3.39E-07,3.73E-07,2.91E-07,3.31E-07,5.54E-07,3.52E-07,2.87E-07,1.67E-07,3.06E-07,4.99E-07,5.19E-07,3.06E-07,3.10E-07,2.67E-07,2.95E-07,3.53E-07,3.03E-07,30354597550,13182598190,95005190419,2342728206,14165804534,52727029785,17327611814,56259078151,51195354277,22493152641,3.56711E+11,12049.58724,7678.896328,2153.709168,0.028582514,0.038109571,-0.000973324,3.56711E+11,0.735311587,0.044381173
35,1984,39238408992,7985540510,699563333.4,12440520871,1831843955,2.40442E+11,45486547246,34988594809,22884477421,3.63185E+11,61207509140,8645818.759,6466933.729,5405149.241,1184945.483,479166.3377,39081.0597,281116.4615,344766.3285,4889868.249,2108479.295,2111724.463,669664.4905,392119.9979,2178885.03,148850.2038,11522.91056,39610.75719,89005.29687,26671.35102,376725.4761,453416.9886,302284.8459,110999.8495,569917.8009,49879.54918,2.14E-06,1.72E-06,2.44E-06,2.38E-06,3.12E-06,2.50E-06,3.14E-06,1.67E-06,1.58E-06,2.12E-06,2.44E-06,2.38E-06,3.12E-06,2.50E-06,3.14E-06,2.51E-06,1.97E-06,1.07E-06,2.09E-06,3.55E-06,3.74E-06,2.12E-06,2.37E-06,1.82E-06,2.27E-06,2.29E-06,2.12E-06,30199902195,13307249657,94901121164,3139337624,12570702392,56504933675,17686606882,55322914947,51984362418,26001114995,3.63185E+11,12084.10989,8000.111637,2036.530624,0.002865048,0.041830921,-0.054407784,3.63185E+11,0.748658137,0.018150877
36,1985,33277821671,5199103690,603575900.3,11867135772,2056621231,2.16998E+11,45281224324,40183226156,19778957872,3.3618E+11,52325013682,10692657.94,7270273.811,6162347.988,1292004.747,509444.656,43853.64491,284244.2655,413026.5162,5682726.033,2504729.711,2365613.53,812382.7917,295543.0311,3357164.576,145757.9783,16743.94505,44235.5552,85142.02541,42033.70563,450275.4035,1029202.333,584403.4945,213805.0863,745565.0498,65219.54998,1.56E-05,1.28E-05,1.71E-05,2.06E-05,2.21E-05,1.97E-05,2.64E-05,1.54E-05,1.64E-05,1.56E-05,1.71E-05,2.06E-05,2.21E-05,1.97E-05,2.64E-05,1.87E-05,1.22E-05,7.62E-06,1.56E-05,2.71E-05,2.60E-05,1.58E-05,1.90E-05,1.40E-05,1.58E-05,1.79E-05,1.56E-05,29531767692,12500690664,81863695408,2987467540,10608115691,47803852176,17043161837,52572078968,49674562129,30406732210,3.3618E+11,11019.80764,7113.062342,1715.185934,-0.088074526,-0.110879615,-0.157790257,3.3618E+11,0.692990499,-0.074356553
37,1986,39886393317,6294867271,236706970.4,10571865772,1978062338,2.40104E+11,47948690617,36302912681,23472547633,3.6097E+11,57728575086,9234882.993,6583697.397,5634505.477,1389821.705,536488.123,43269.16675,289746.67,476432.2215,4831407.025,1663595.48,2581088.292,586723.2535,362468.6669,2651185.596,127646.7222,27273.18388,68742.7087,79678.45356,32603.52897,457297.261,392121.5748,595191.5285,174687.4555,614627.486,81315.6933,2.79E-05,2.24E-05,2.79E-05,3.28E-05,4.23E-05,2.93E-05,4.58E-05,2.22E-05,2.65E-05,2.68E-05,2.79E-05,3.28E-05,4.23E-05,2.93E-05,4.58E-05,2.99E-05,2.33E-05,1.57E-05,2.45E-05,4.85E-05,4.24E-05,2.79E-05,3.22E-05,2.57E-05,2.95E-05,2.79E-05,2.68E-05,29406461963,11696151056,89179039529,2936986376,12718736941,53081323201,18451330904,54568387573,51473031241,34158915326,3.6097E+11,11658.41742,7754.749799,1864.486909,0.057951082,0.090212545,0.087046525,3.6097E+11,0.744091293,0.073739531
38,1987,45164557361,7418380763,374009197.9,9692724652,3024294646,2.45295E+11,48851972970,35170099828,26266280508,3.70987E+11,64551378153,8469049.962,5871082.705,4859278.607,1323033.264,542157.6421,39866.98697,251565.8094,450666.7853,4165323.184,1188160.54,2348084.804,629077.8402,382726.2579,2597967.257,171729.4626,40728.9384,122849.612,127298.7276,44573.35474,498927.0114,196287.9142,587745.2976,190039.5309,501205.9441,116581.4633,6.18E-05,5.49E-05,6.08E-05,7.04E-05,0.000135913,8.21E-05,1.00E-04,5.09E-05,6.44E-05,6.03E-05,6.08E-05,7.04E-05,0.000135913,8.21E-05,1.00E-04,6.84E-05,5.69E-05,3.06E-05,5.69E-05,0.000110341,9.24E-05,6.11E-05,7.07E-05,6.14E-05,6.34E-05,5.83E-05,6.03E-05,28728417389,14088758415,93207674702,3799860808,14623056996,54603925216,18917060437,56082696980,53276615954,29667254562,3.70987E+11,11806.5005,7806.401357,2054.318607,0.012701817,0.006660635,0.101814444,3.70987E+11,0.764740395,0.027750765
39,1988,43482759212,6570889073,312911426.8,10762880575,2530248876,2.32319E+11,48599110973,41514590888,23711152426,3.63129E+11,62539185172,10507660.29,7029777.929,5690800.836,1409692.523,638378.2771,86803.40454,207570.1577,432204.8087,5208694.911,1230203.201,3050905.112,927586.5979,411390.4949,3477882.366,213216.6083,74696.73452,126512.3175,191819.262,62820.3395,684411.1212,357591.0417,818560.35,204028.5838,552757.5415,191468.4659,0.000302535,0.000248227,0.000292003,0.000340343,0.000624479,0.00033333,0.000410726,0.000248273,0.000282939,0.000291086,0.000292003,0.000340343,0.000624479,0.00033333,0.000410726,0.000315893,0.000274661,0.000169684,0.00028855,0.000510073,0.000438622,0.00030576,0.000392775,0.000284507,0.000269051,0.000272819,0.000291086,31200854139,13985852757,90616458693,3644812441,14315280432,52304681974,17630729522,53283455361,53518977303,29312861273,3.63129E+11,11389.13385,7286.407961,1961.470882,-0.035350581,-0.066611153,-0.045196361,3.63129E+11,0.748541998,-0.021181563
40,1989,32878020288,5504369659,249464141.4,9015960036,2017204581,2.15312E+11,47851155787,44339850439,19679647405,3.36688E+11,48642283112,9599870.246,6149584.932,4875344.327,1485489.948,699318.7691,141110.8665,139512.8433,457434.2444,4232804.18,973606.7017,2416247.678,842949.8007,431290.8036,4421599.009,289303.6024,108109.7119,144755.2748,135108.0774,70651.77775,695011.9821,666392.2213,1114422.148,226530.5181,754467.2308,216846.4643,0.009657715,0.007502253,0.011159904,0.005879355,0.034044322,0.005927236,0.020022633,0.009772971,0.011121751,0.009369137,0.011159904,0.005879355,0.034044322,0.005927236,0.020022633,0.010312016,0.009239123,0.006799375,0.010100712,0.016790427,0.016488827,0.010529638,0.010009867,0.007804669,0.006784794,0.010601754,0.009369137,27001975241,13893793369,82216499765,3361266396,10873272642,50628882106,18243748579,50032988983,53238022143,26122249566,3.36688E+11,10409.79774,6657.075687,1503.933261,-0.085988638,-0.086370716,-0.23326251,3.36688E+11,0.694037282,-0.072814506
41,1990,26715975891,4801693770,196807242.1,7865002138,1591412970,2.11876E+11,45060493690,52005284628,19187412726,3.28399E+11,40169582428,12774442.54,8156087.722,6485271.526,1710540.218,792825.2852,142585.0282,222945.9606,503433.4858,5943898.022,1363365.203,3411366.106,1169166.714,501649.4818,4618354.813,492258.1036,107419.8507,131409.3757,185198.446,74385.85332,705689.8492,1577871.019,1030335.434,313786.8826,809899.1657,424714.9855,0.212304759,0.173999891,0.213684502,0.254867106,0.457250486,0.264485138,0.240476637,0.140399642,0.166821919,0.202220114,0.213684502,0.254867106,0.457250486,0.264485138,0.240476637,0.236135086,0.152494382,0.126722437,0.195354376,0.31230103,0.317514885,0.209579812,0.279925072,0.205612436,0.204118596,0.188604381,0.202220114,29904000025,13866605600,77193508884,3819806357,8596686414,48785005783,16402884933,47883623209,52747880558,30013661447,3.28399E+11,10012.91698,6460.120019,1224.773589,-0.038125694,-0.029585914,-0.185619721,3.28399E+11,0.676951012,-0.024618663
42,1991,33643092678,5230998450,429736091.3,8568187802,3474910690,2.44011E+11,46174155362,49534541346,34144184810,3.6107E+11,49859855456,14041339.31,9009344.752,7270694.47,1541736.896,743550.9375,85699.60737,193392.836,475223.534,6869910.068,1469727.127,4259230.447,1140952.494,597697.788,5031994.557,291220.164,72413.54454,138718.1956,101905.118,42823.17976,705382.4793,1329285.232,880585.5135,240414.6713,987462.6663,241783.7926,0.492003015,0.463696662,0.453022377,0.606556039,1.003492891,0.647923002,0.471927451,0.290556836,0.330367029,0.472524138,0.453022377,0.606556039,1.003492891,0.647923002,0.471927451,0.522196386,0.31687877,0.232648884,0.428454833,0.662087001,0.668302685,0.492432506,0.684014489,0.497019651,0.592496971,0.37630612,0.472524138,31685663050,14218180979,84219777703,3973339155,11052671158,56082232171,17871046781,48725978010,53720006233,40596321467,3.6107E+11,10859.81351,7339.068251,1499.624473,0.084580401,0.13605757,0.224409544,3.6107E+11,0.744296515,0.09948357
43,1992,38096552386,6697263403,882829311.5,10969877194,7138690639,2.71516E+11,46898230225,47670938425,55009517490,3.8867E+11,62272041963,14229693.86,8781104.946,7138261.931,1308265.004,594720.4986,55391.79329,185387.7183,431223.9747,6764771.658,1773143.428,4056853.5,934774.7311,708068.2838,5448588.909,332162.752,63488.49121,135344.1765,130681.6424,38155.24512,700062.5685,1989234.928,553589.6647,181656.6964,1085916.396,238296.3476,0.555063557,0.584405924,0.568866586,0.519268752,1.18797174,0.570965198,0.499584869,0.320867868,0.346407897,0.541293967,0.568866586,0.519268752,1.18797174,0.570965198,0.499584869,0.578559982,0.353755351,0.228546548,0.438273832,0.795900377,0.82178805,0.550564399,0.784140339,0.650472927,0.728501848,0.400430534,0.541293967,31033803587,15376273290,83988901651,4383107100,12467390535,59712781053,18129198558,51856541421,54859471126,61333246220,3.8867E+11,11534.02701,8057.407385,1847.963614,0.06208334,0.097878792,0.232284247,3.8867E+11,0.801190475,0.076439911
44,1993,41873140481,7295780783,1194402636,11950227190,9658119420,2.85612E+11,48901779347,49827264164,63073791648,4.10064E+11,70196801628,15273975.87,8413083.695,6652083.667,1487483.029,590224.1819,72917.92198,254246.5143,511714.0131,5940990.64,1616613.096,3547987.543,776390.0014,984610.0261,6860892.171,323703.7105,95136.96532,193093.5179,183209.0699,51914.21303,701031.409,2453555.627,623603.7029,208233.7556,1731457.973,295952.2276,0.578299586,0.653406019,0.66358652,0.534001868,1.277215546,0.604401046,0.480296684,0.327952182,0.349235386,0.576751997,0.66358652,0.534001868,1.277215546,0.604401046,0.480296684,0.642043701,0.378017373,0.203123742,0.449474484,0.881606914,0.959500717,0.591359866,0.818504942,0.713312213,0.796315305,0.405762859,0.576751997,31357716502,16748724678,83619858140,4849887789,13533862383,61345040369,18778323915,58241569445,56498804733,69548716460,4.10064E+11,12010.16789,8365.171295,2055.962641,0.041281408,0.038196394,0.112555802,4.10064E+11,0.84529112,0.055043896
45,1994,46020152600,8518951922,1919411837,12081682498,13335489433,3.02393E+11,49133367230,57465156034,76423916677,4.33948E+11,79783934718,17774332.13,8892060.055,6972598.683,1855567.276,767076.764,123441.328,269292.6325,604334.9053,6179519.788,1403540.699,3713490.708,1062488.381,856972.9908,8882272.08,385461.3575,102692.6517,215935.6933,217251.7392,77905.39497,852741.8737,3634184.466,659746.8345,235571.0829,1885210.433,615570.5532,0.602536728,0.695435031,0.658367072,0.532214135,1.150850304,0.603237133,0.488282806,0.337264271,0.356764422,0.597602377,0.658367072,0.532214135,1.150850304,0.603237133,0.488282806,0.637228852,0.381838473,0.196642878,0.466243795,0.870676513,0.96509525,0.6190329,0.829503146,0.755926796,0.84147351,0.408686427,0.597602377,33544136373,18963030638,86972750370,5350582322,14246400165,65176124600,20612574500,63407665695,57276868161,74041415325,4.33948E+11,12548.53356,8744.346279,2307.123837,0.044825824,0.045327821,0.122162334,4.33948E+11,0.894525331,0.058245271
46,1995,41406781510,5910970219,1448232087,11346509489,10685752943,2.88939E+11,49431734755,70303876313,68824446956,4.21451E+11,69331128235,22333872.33,10957599.41,8627808.694,2395221.522,976950.9551,266061.0027,192451.4913,813666.8311,7625756.153,1848824.017,4383763.155,1393168.98,936621.7342,11376272.92,583336.0979,198807.3455,248137.1271,296196.2941,106733.2958,1135210.458,4548428.715,922588.401,300323.1383,2559800.616,476711.4359,0.631688823,0.705616556,0.694122095,0.521948203,1.049242755,0.605074951,0.488854211,0.354985726,0.377200539,0.621260507,0.694122095,0.521948203,1.049242755,0.605074951,0.488854211,0.655339014,0.381012186,0.215345284,0.49411387,0.87315928,1.015689431,0.654808863,0.836911252,0.817241404,0.846943196,0.410860653,0.621260507,35412367068,22059841118,80692516035,5743294470,12509197093,60292676935,20955444839,62798339468,57616025325,70241632393,4.21451E+11,12037.88128,8252.943109,1980.299773,-0.04069418,-0.056196673,-0.141658657,4.21451E+11,0.868765384,-0.028797336
47,1996,44004695260,5803977294,2010589796,12246078124,12863583748,3.08498E+11,50529347215,75717472715,80928936996,4.44726E+11,75319417654,24123512.59,11488484.34,8923575.882,2374424.256,966577.6378,300724.7973,216764.791,773923.6509,8007548.091,1906081.771,4643069.855,1458396.465,1106511.993,12635028.26,637573.2078,166450.1694,260637.1945,363097.4317,106625.8845,1256728.318,5283461.637,968472.7297,296837.1841,2776751.489,518393.01,0.63987947,0.686138651,0.671999702,0.499406775,0.917658872,0.604108989,0.471700082,0.37436484,0.370888698,0.625514398,0.671999702,0.499406775,0.917658872,0.604108989,0.471700082,0.634370845,0.428332901,0.254096599,0.502579653,0.884668914,0.936816076,0.67196924,0.830103976,0.807443726,0.839728792,0.406566667,0.625514398,34926262623,23006637223,85721379673,5962621400,13531413698,64914279118,22354815653,66433128696,58866557569,76476992676,4.44726E+11,12552.35383,8707.330988,2125.885394,0.042737799,0.055057677,0.073516961,4.44726E+11,0.916742574,0.055224564
48,1997,50240089737,7139401572,2979699843,12516843488,17751638538,3.35985E+11,52195205792,85001473813,1.02753E+11,4.80361E+11,88227057379,26787794.51,12505843.91,10056450.43,2370438.577,951033.7576,346724.2229,183161.8563,829439.0958,9020399.21,2848561.389,4837450.464,1334387.357,1115006.121,14281950.6,764372.7833,184035.081,220171.3904,354617.9526,110066.6008,1434685.135,5225835.63,1017077.325,319443.1227,3766052.631,885592.9516,0.646490529,0.694385047,0.653197913,0.481396679,0.820892184,0.598346304,0.463258554,0.36345801,0.362183571,0.627749253,0.653197913,0.481396679,0.820892184,0.598346304,0.463258554,0.616733974,0.429609725,0.244630665,0.511127004,0.885439635,0.888554514,0.684577847,0.823505912,0.806337579,0.842413822,0.410909111,0.627749253,34989931863,23100605968,93305931807,6432858166,15732338468,71788118799,24792668625,71036204926,61056112596,85716846196,4.80361E+11,13402.48888,9374.263772,2461.611691,0.067727141,0.076594399,0.157923046,4.80361E+11,0.990199782,0.080128501
49,1998,53179868289,7442381595,3583468603,12681729824,19379871114,3.46305E+11,53975931210,94081356390,1.11457E+11,4.98489E+11,93723100632,30077471.1,13864217.47,11244657.73,2009301.044,695680.3775,389301.175,116753.0193,715196.9077,10814965.84,3370611.679,5864745.004,1579609.155,1039950.59,16213253.63,866063.8662,207088.2278,156033.9845,383629.5797,153670.7305,1779115.456,5532211.629,1033621.034,316750.249,4303088.854,1481980.015,0.64184853,0.715049333,0.642964507,0.491250507,0.725019203,0.595144377,0.440170789,0.330712825,0.344842239,0.622027828,0.642964507,0.491250507,0.725019203,0.595144377,0.440170789,0.603104657,0.407331392,0.197689725,0.509925264,0.899334201,0.88188927,0.69114665,0.792632207,0.795684509,0.860388086,0.401692038,0.622027828,37758581156,22047182753,94289349242,6871004067,16970913385,73688246641,26784048466,75356857976,61732631345,89310933870,4.98489E+11,13753.37323,9554.583134,2585.830919,0.026180537,0.019235576,0.05046256,4.98489E+11,1.027568719,0.037738785
50,1999,47288594476,7360084148,2743030979,10530679471,16301104000,3.33317E+11,55248237310,92656088251,98644510803,4.81567E+11,82032014360,30919091.32,15400495.98,13440613.39,2230021.2,765678.853,558830.0951,162438.946,712791.2815,12290010.05,2598334.481,8612257.712,1079417.86,880464.7258,15518595.34,873604.5838,217049.9861,113505.4086,341091.9193,158643.0549,1877270.656,5843068.929,1063873.632,332685.0101,2987970.335,1709831.822,0.637575681,0.730742368,0.634592437,0.474873641,0.645642683,0.565855685,0.416503701,0.299735163,0.328967571,0.615141808,0.634592437,0.474873641,0.645642683,0.565855685,0.416503701,0.585422991,0.319731098,0.222432695,0.497778682,0.936449636,0.885516235,0.684503448,0.758806873,0.810100718,0.875116138,0.396901923,0.615141808,38642978973,21300701814,86728417892,7108583949,15619664207,68548530037,26404118678,74887898035,62892410185,82681198141,4.81567E+11,13142.95179,9096.905675,2238.823878,-0.044383399,-0.047901353,-0.134195565,4.81567E+11,0.992685053,-0.033947769
51,2000,44684342972,6019095236,2000712123,9888073123,16455559987,3.33215E+11,55454853357,94967877609,98290215417,4.78236E+11,76807812732,30214223,14014058.8,12236346.45,2146551.071,774400.2814,435015.2645,176360.3718,730526.0229,10931214.85,3193488.859,6896306.515,841419.4751,936292.8829,16200164.2,785540.9075,258534.4458,91487.13617,366754.1342,174232.9854,2084903.282,5700310.342,1213976.31,477020.6342,3589913.896,1457490.129,0.651026568,0.73537288,0.608620625,0.466589875,0.555124039,0.549036825,0.392431835,0.326582021,0.331744837,0.625467176,0.608620625,0.466589875,0.555124039,0.549036825,0.392431835,0.559858501,0.342436902,0.318765735,0.505387038,0.967772576,0.835195662,0.687938703,0.75277329,0.818473515,0.886638771,0.401814679,0.625467176,37940475021,22717956741,83349422925,7574143471,14154797764,66864732257,26843902514,75791746196,63939749432,81331274118,4.78236E+11,12915.34723,8998.882119,2074.288062,-0.017317613,-0.010775483,-0.073492076,4.78236E+11,0.985819805,-0.006915838
52,2001,40384460553,3476620969,1451341081,8744185987,11874381272,3.16504E+11,54198509628,97375536055,84412699928,4.57518E+11,65130159641,32538888.27,14901041.6,12634312.15,1617852.099,350376.0158,369546.2356,190072.3733,671666.85,12162860.89,3072847.786,7943612.27,1146400.836,1120328.612,17637846.67,916705.414,228148.5706,95195.24075,372161.5251,163576.2424,2264290.313,6495446.985,1382315.291,465088.6958,3586861.06,1668057.334,0.651294572,0.73368283,0.587416052,0.451299597,0.511286261,0.533126522,0.384922048,0.316599041,0.3213095,0.622651472,0.587416052,0.451299597,0.511286261,0.533126522,0.384922048,0.541469537,0.310682461,0.286824726,0.503453829,0.941114534,0.807391111,0.690975165,0.731307606,0.836017119,0.874329814,0.4175649,0.622651472,38534394973,23898438504,77577405850,7694793951,12578787232,61971097346,25746057242,72859108451,64004636626,74412432720,4.57518E+11,12232.01723,8461.925218,1741.293058,-0.052908372,-0.059669289,-0.1605346,4.57518E+11,0.943112456,-0.043321659
53,2002,26557855882,2122621605,615025407,7570474064,3034983436,2.60979E+11,49892223942,97354969759,40882691861,4.08094E+11,39389117459,33037756.42,15546037.13,13056143.3,2320919.078,742039.8518,580134.3498,188958.1147,694196.3482,12099210.5,2636539.667,8098684.559,1363986.27,1125907.554,17491719.29,811802.2309,208582.9167,88789.03861,372528.7586,196914.6222,2385865.345,6456576.509,1483663.477,523453.2062,2920381.394,2043161.792,0.810289533,0.813586165,0.811710321,0.859653848,1.441916823,0.900764776,1.118531874,0.910650459,1.011885144,0.818023387,0.811710321,0.859653848,1.441916823,0.900764776,1.118531874,0.875438835,0.796101023,0.813049753,0.813008565,0.838346107,0.813118669,0.84776854,0.785889674,0.9033539,0.846627097,0.698057434,0.818023387,37961280554,23191173650,69679463280,7523506763,8442546241,52040481548,23895764491,66475467360,62143243147,56401213904,4.08094E+11,10806.10712,6910.576772,1043.001523,-0.116571951,-0.1833328,-0.401018962,4.08094E+11,0.841231833,-0.108025954
54,2003,36583220002,3001198778,1067811155,9183695017,6816902240,2.89758E+11,51667314478,1.05325E+11,57402823948,4.46068E+11,56469877260,29561302.25,16662591.17,13828536.04,2402651.486,847586.6346,511902.8149,157238.7659,762892.4816,13270055.58,2433780.522,8992104.035,1844171.027,989884.1035,12898711.07,1060963.819,207793.7894,106240.9626,414498.322,177336.4855,2754669.923,6264838.43,1417734.802,494634.5411,2630158.66,2439847.168,0.909380431,0.889635379,0.895348205,0.992003106,1.06653261,0.933631127,0.9918013,0.925318069,0.95326474,0.906610554,0.895348205,0.992003106,1.06653261,0.933631127,0.9918013,0.924492364,0.880518553,0.870149523,0.936426409,0.919076878,0.875835426,0.939536834,0.923299934,0.906367364,0.909103921,0.862332547,0.906610554,40975185367,24294690036,81611999465,8127503219,11455155220,59096439363,26118281057,66533483588,64179911420,63752757948,4.46068E+11,11701.18672,7600.888649,1481.308771,0.082830902,0.099892079,0.420236441,4.46068E+11,0.919509628,0.093051395
55,2004,46751093616,4184430006,2583364908,11060860373,12523428210,3.20123E+11,53918788365,1.15688E+11,81717784031,4.85115E+11,77103177113,34595421.1,16518689.04,14460061.72,3099558.612,1235853.95,655870.2249,179350.6696,822760.8209,12635341.75,2876861.658,8483641.451,1274838.645,783788.672,18076732.06,1148052.798,247903.3376,141396.1257,488930.4068,191326.2071,3097231.087,5838556.127,1185888.693,429265.0614,3344870.501,1963311.716,1,1,1,1,1,1,1,1,1,1,1,1,1,1,1,1,1,1,1,1,1,1,1,1,1,1,1,40538965484,24306194564,91808108058,8696709467,14895248375,66927387752,29770871767,68341002528,67142971388,72687735341,4.85115E+11,12606.84468,8319.128709,2003.705076,0.077398813,0.094494222,0.352658619,4.85115E+11,1,0.087536192
56,2005,50807402187,5889133905,4022971290,12327511740,15530146328,3.43297E+11,59182713160,1.30487E+11,94588685309,5.26839E+11,88380213520,39284015.85,20113944.81,17803483.07,3530056.611,1611455.561,671771.9392,180534.664,864215.5897,15948081.39,3420742.902,10852683.55,1674654.935,635806.8076,19170071.04,1355092.563,247530.8087,174154.464,490042.0027,248640.994,3300170.905,4855897.937,1339665.682,449120.2051,4564256.333,2145499.149,1.095863647,1.195128997,1.177346218,1.178101198,0.965103662,1.219973284,0.992118564,1.037776739,1.066739905,1.105723231,1.177346218,1.178101198,0.965103662,1.219973284,0.992118564,1.143756733,0.959688846,1.189379082,1.082762413,1.148289384,1.221634026,1.099203574,1.061633405,1.132990584,1.169177379,1.118764391,1.107831105,48161803018,24231788555,98625113402,9229168251,16753202405,74012338092,33993403813,73178283459,72215501459,77838000695,5.27843E+11,13587.10907,8836.748847,2274.977112,0.077756521,0.062220475,0.135385212,5.27843E+11,1.088078424,0.088078424
57,2006,56844037265,7286522045,3894428848,14852830234,18495162598,3.74207E+11,61456300050,1.37902E+11,1.05106E+11,5.69835E+11,1.01152E+11,42161153.07,20829332.9,18302112.83,3233804.429,1228139.606,850789.3737,193181.9277,905839.6711,16420691.01,2882181.535,12186126.87,1352382.606,1174837.462,21331820.17,1778826.928,259231.3705,183651.8782,538473.0261,256176.1392,3387033.616,4423472.541,1073725.628,393122.5789,6250407.349,2787699.118,1.217118815,1.447902259,1.362758545,1.272640683,1.070496754,1.351515854,1.095049464,1.195411332,1.185617848,1.25633506,1.362758545,1.272640683,1.070496754,1.351515854,1.095049464,1.29738723,1.035919594,1.604182651,1.189013033,1.193582354,1.509014153,1.232632992,1.155213018,1.259417565,1.4175393,1.250833575,1.259099125,47909486517,25541129453,1.07602E+11,9769202045,18826781769,81884768610,38365901831,79157148934,75701918408,86492368638,5.71089E+11,14557.52892,9538.84728,2578.455618,0.071422099,0.07945212,0.133398488,5.71089E+11,1.177223815,0.081929197
58,2007,62835192151,8326335706,4348819426,16391695823,29914917632,4.0961E+11,66322845915,1.49283E+11,1.25853E+11,6.2029E+11,1.19712E+11,45201832.96,23396056.38,20775138.98,3018410.627,1354056.183,515616.6274,203592.3262,871906.8756,19166893.03,3629041.422,14127686.93,1410164.677,1210752.724,21805776.59,1786090.44,272029.3172,180780.6144,524219.9072,246705.4482,3270272.041,3270337.443,1073339.051,426248.3436,7936006.887,2819747.093,1.382102436,1.75673493,1.570857671,1.503277571,1.13252958,1.545835406,1.12216231,1.361707055,1.303023565,1.446066579,1.570857671,1.503277571,1.13252958,1.545835406,1.12216231,1.462303931,1.285028527,1.574281581,1.321286134,1.434244445,1.88774765,1.42852934,1.276192194,1.445372812,1.735014527,1.413980395,1.449338974,52000383182,24917156422,1.15716E+11,10019452967,20853326658,91386455834,43256578461,85135386354,80354836331,99113745006,6.21693E+11,15692.13436,10338.9381,3021.645758,0.077939426,0.083877097,0.171882012,6.21693E+11,1.281537619,0.088610001
59,2008,65862778228,8737279791,5270172556,16863232561,35951572176,4.37164E+11,69708622333,1.50517E+11,1.43044E+11,6.46035E+11,1.28993E+11,46322220.16,22376179.59,19878020.87,2646461.299,1097426.641,536407.8188,180157.6492,832469.1899,18457712.65,3708576.19,13446607.43,1302529.034,1195629.683,23946040.58,1937465.46,281857.2243,129632.9912,498687.6113,235655.1708,3347147.304,2895183.566,1082224.777,589916.9484,10021947.4,2926322.124,1.673520957,2.248461481,1.900057432,1.735974464,1.200104616,1.820190604,1.146535695,1.68501022,1.474130002,1.779542688,1.900057432,1.735974464,1.200104616,1.820190604,1.146535695,1.694268516,1.653676214,1.739563718,1.584911822,1.561884795,2.421046278,1.760387147,1.520935252,1.720878417,2.259082911,1.767131277,1.783425398,50867392997,24634995825,1.19917E+11,10505213544,21729365681,95773914864,45633385916,89907042713,84189489418,1.05089E+11,6.47444E+11,16182.06916,10926.36799,3224.033016,0.03122168,0.056817236,0.066979148,6.47444E+11,1.334619344,0.041420341
60,2009,53738991534,6911020161,2416240131,13884033144,25706844209,4.12566E+11,73584505083,1.36352E+11,1.16619E+11,6.09884E+11,1.01356E+11,41101783.73,18858047.84,16412718.57,3410680.056,1517331.956,691800.7509,174168.5339,767658.123,14355417.37,2603867.393,10398171.12,1353378.857,1091950.414,22243735.89,1733835.301,239949.4185,98995.28677,482901.6412,219977.1123,3406815.326,3390295.057,851279.5294,654833.292,8145765.584,3019088.339,1.919219246,2.6971627,2.182298249,1.971665494,1.451336947,1.985981482,1.263022141,1.790272156,1.551225539,2.046175735,2.182298249,1.971665494,1.451336947,1.985981482,1.263022141,1.918470216,1.750365979,2.049474046,1.748189668,1.665192585,2.781422083,1.977513767,1.70127777,2.039070841,2.762022367,2.05698027,2.050821908,37583601347,24694110213,1.11191E+11,10449082894,19053700816,88413279347,45359823929,87516813608,87110204582,97894958169,6.11269E+11,15129.89705,10211.68829,2508.736966,-0.065020864,-0.065408716,-0.221863748,6.11269E+11,1.260048266,-0.055874417
61,2010,61541718741,9515752465,5561405358,18927869270,33895064378,4.62083E+11,77085416338,1.54278E+11,1.56635E+11,6.69641E+11,1.25605E+11,48130256.16,22377368.09,19861771.74,2929260.117,922317.1388,612961.2318,206114.2001,965710.6612,18313658.81,3352998.823,13579512.8,1381147.181,1134449.168,25752888.06,1722638.435,250272.3308,95908.43541,498428.0975,211842.2796,3777298.51,2432110.821,928241.9418,651180.4669,10818330.42,4366636.329,2.348224246,3.268824186,2.597790779,2.249869844,1.487072943,2.209169356,1.332581252,2.039353514,1.701365881,2.481509204,2.597790779,2.249869844,1.487072943,2.209169356,1.332581252,2.201621193,2.259100067,2.564556699,2.132117404,1.843717159,3.463306226,2.393890193,2.001265908,2.416757957,3.372215431,2.471727929,2.48820338,52448296158,25086491664,1.23383E+11,10632635152,20919761002,99423009408,49334511561,92259486264,90527601638,1.08332E+11,6.71448E+11,16461.71012,11328.76009,3079.426509,0.088025257,0.109391491,0.22748082,6.71448E+11,1.384099482,0.098449575
62,2011,66813943052,11899022232,7661349361,23759578339,41326728494,5.01468E+11,80184420870,1.59842E+11,1.90144E+11,7.09846E+11,1.44676E+11,43875258.46,17781918.28,15156453.72,2758886.782,879411.7002,783920.7585,175959.609,723752.9557,13857969.97,3844066.605,8553500.331,1460403.035,1165061.526,26093340.18,1788279.062,206991.616,87498.14419,376798.2481,181930.9688,3493774.464,1616420.372,955358.4716,613326.9202,13189465.06,3583496.853,2.840536899,4.263498325,3.264256036,2.551410906,1.632751037,2.458097994,1.366542265,2.515068121,1.920325125,3.069713345,3.264256036,2.551410906,1.632751037,2.458097994,1.366542265,2.597839442,2.981917739,3.118617454,2.597494371,2.209973882,4.610799859,2.875150535,2.390506656,2.915051709,4.43000932,2.945100939,3.078493133,51232247600,23624757639,1.32834E+11,11137192032,22917469985,1.09669E+11,52052730045,98166614131,93837237783,1.18208E+11,7.11876E+11,17252.80335,12153.41895,3506.313415,0.048056564,0.072793391,0.138625457,7.11876E+11,1.467437798,0.060211218
63,2012,64700327691,11937482081,5518154212,21650676546,35683290813,4.99877E+11,82549920556,1.53187E+11,1.81049E+11,7.04517E+11,1.35873E+11,47119688.93,21031750.16,18471430.73,2734262.16,876345.7547,823420.8492,131497.5692,693077.2744,17074805.64,5087334.876,10649833.69,1337637.069,1222682.363,26087938.77,2107674.471,177954.1243,102435.3901,391546.9122,168444.9898,3577493.572,1689844.795,903546.2705,608702.981,12512444.81,3847850.454,3.459041475,5.319112437,3.922699733,3.103168749,1.822506333,3.009559196,1.464215173,2.796199411,2.08188312,3.744285738,3.922699733,3.103168749,1.822506333,3.009559196,1.464215173,3.078673362,3.420113508,3.678726101,3.112803126,2.493446615,5.726428869,3.542400376,2.869913545,3.586451082,5.592540512,3.572320643,3.754402936,44579958519,23338178766,1.28888E+11,11655890977,22357980999,1.07013E+11,52391956399,99767726112,97055804064,1.19117E+11,7.06421E+11,16927.04294,11977.90686,3255.742019,-0.018881593,-0.014441376,-0.07146292,7.06421E+11,1.456192009,-0.007663554
64,2013,64634666531,13783168151,7239125008,24156151830,33736431348,5.16596E+11,86152836238,1.4645E+11,1.86368E+11,7.2065E+11,1.4001E+11,43736832.86,20082205.71,15287802.92,2793443.434,930304.4608,799299.4918,131959.4885,749561.5051,15899945.72,3876309.703,8618049.779,3405586.242,1388816.547,23654627.15,1581646.835,157150.7385,128.9,362251.13,168033.4564,3528513.585,1294232.41,784459.7052,402859.0454,12531711.19,2843222.758,4.342845834,6.531702393,5.090928689,3.587442108,2.235197846,3.588863279,1.898608843,3.341950424,2.644025833,4.646234115,5.090928689,3.587442108,2.235197846,3.588863279,1.898608843,3.895606259,4.08402472,4.387823025,3.844188853,3.404042154,7.325911356,4.401334868,3.477023126,4.485594541,7.061541782,4.360791913,4.6551972,49721752068,22404030031,1.30945E+11,11717769879,22344881459,1.09389E+11,53702369755,1.00256E+11,98923181463,1.23021E+11,7.2204E+11,17108.76706,12240.75048,3317.537236,0.010735727,0.021944036,0.018980379,7.2204E+11,1.488389133,0.022110493
65,2014,63301703123,10305735713,5950583136,21378949359,32538397909,4.9673E+11,89033326375,1.36756E+11,1.65612E+11,7.03338E+11,1.31045E+11,40638155.95,19635028.13,14920884.59,2579623.167,887417.0638,673022.1636,136780.3275,737703.2697,15557345.39,3182570.445,9158690.976,3216083.964,1498059.581,21003127.81,1417627.576,149114.6865,68197.37613,323079.7872,162490.773,3521740.124,1235971.539,736010.704,346168.0266,10336114.57,2706612.652,6.145208339,8.717516132,7.108690012,5.508215447,3.336724154,5.227330532,2.868935717,4.824925933,3.871299371,6.510509192,7.108690012,5.508215447,3.336724154,5.227330532,2.868935717,5.583722461,5.999611487,7.484077718,5.437657303,4.43696856,9.701633704,6.316721374,4.674359075,6.11835215,9.446887012,6.344839659,6.531559314,51321551605,22736711813,1.24263E+11,11939156363,21877578423,1.02336E+11,54087653912,98874388852,1.00532E+11,1.15973E+11,7.05612E+11,16536.6772,11641.34631,3071.164706,-0.033438404,-0.048967926,-0.074263682,7.05612E+11,1.454524112,-0.022752801
66,2015,64462175043,11439762277,5599292920,24228907045,34412887620,5.09871E+11,94456349868,1.35515E+11,1.73984E+11,7.22846E+11,1.36992E+11,39194309.04,21481733.28,15915510.14,2371046.002,742823.346,669724.7697,139761.7734,665432.5406,17560068.98,3368924.269,10175539.87,4015604.836,1550618.3,17712575.76,1420907.316,113701.1474,60728.04443,277682.8992,113737.1082,3283049.136,1026311.567,357303.3208,314732.7247,7321999.534,3422422.968,7.640733711,11.28958686,8.895613351,7.010543299,3.856223409,5.958859152,3.212123633,4.755463707,3.986521956,8.083522256,8.895613351,7.010543299,3.856223409,5.958859152,3.212123633,6.78971018,5.371295237,7.61576737,6.766753531,5.338078861,12.08487298,7.874152619,5.763752244,7.821894626,12.6595902,7.952697671,8.080341208,54675970819,23375961951,1.24567E+11,12346924852,22521998699,1.04977E+11,55417987930,1.00688E+11,1.03293E+11,1.18779E+11,7.22562E+11,16752.34415,11821.17942,3176.115695,0.013041735,0.015447793,0.034173025,7.22562E+11,1.489463835,0.024021412
